,decile,variable,value,year
0,1.0,Food,0.45545630236583473,90
1,2.0,Food,0.40893205618172684,90
2,3.0,Food,0.3769210647107849,90
3,4.0,Food,0.3460324415778081,90
4,5.0,Food,0.32562214986508004,90
5,6.0,Food,0.30049395499009457,90
6,7.0,Food,0.2772083886950588,90
7,8.0,Food,0.2525727108681515,90
8,9.0,Food,0.226452637152467,90
9,10.0,Food,0.1641696353782017,90
10,1.0,Drink,0.010191650518547625,90
11,2.0,Drink,0.009331008827534445,90
12,3.0,Drink,0.008167834470171945,90
13,4.0,Drink,0.00718570466377626,90
14,5.0,Drink,0.006722223867899541,90
15,6.0,Drink,0.006227707237559186,90
16,7.0,Drink,0.005154357434757616,90
17,8.0,Drink,0.0036515606619801624,90
18,9.0,Drink,0.0034866134591164774,90
19,10.0,Drink,0.002125508182572754,90
20,1.0,Cloth,0.027337652992128515,90
21,2.0,Cloth,0.03737583349027687,90
22,3.0,Cloth,0.04134352297712622,90
23,4.0,Cloth,0.04590108949938575,90
24,5.0,Cloth,0.046025101622372735,90
25,6.0,Cloth,0.04844895994447515,90
26,7.0,Cloth,0.050272088605762884,90
27,8.0,Cloth,0.0511225337503359,90
28,9.0,Cloth,0.052740546691498635,90
29,10.0,Cloth,0.04662861492355067,90
30,1.0,Housing,0.28401847669791735,90
31,2.0,Housing,0.26642282020118535,90
32,3.0,Housing,0.2581063514812851,90
33,4.0,Housing,0.252273960851174,90
34,5.0,Housing,0.2423410740333796,90
35,6.0,Housing,0.23687153647916648,90
36,7.0,Housing,0.22489637369515383,90
37,8.0,Housing,0.2139678892553737,90
38,9.0,Housing,0.20149063952576363,90
39,10.0,Housing,0.17152383472937213,90
40,1.0,Furniture,0.024658191503993204,90
41,2.0,Furniture,0.023835414253852688,90
42,3.0,Furniture,0.023519780025239953,90
43,4.0,Furniture,0.02360517151087443,90
44,5.0,Furniture,0.022484709715526855,90
45,6.0,Furniture,0.021475351316972573,90
46,7.0,Furniture,0.02139217911993981,90
47,8.0,Furniture,0.01995470071856423,90
48,9.0,Furniture,0.02121645424723173,90
49,10.0,Furniture,0.022076436017585306,90
50,1.0,Health,0.03296130169863686,90
51,2.0,Health,0.036000690181238984,90
52,3.0,Health,0.03849255048581516,90
53,4.0,Health,0.038210762389011325,90
54,5.0,Health,0.04293309260961617,90
55,6.0,Health,0.04651768439743418,90
56,7.0,Health,0.045475836319792046,90
57,8.0,Health,0.05016350079703742,90
58,9.0,Health,0.054083812409666754,90
59,10.0,Health,0.05324805421573931,90
60,1.0,Transportation,0.045869566840639045,90
61,2.0,Transportation,0.048404835220328214,90
62,3.0,Transportation,0.04887236005830939,90
63,4.0,Transportation,0.04741155875565526,90
64,5.0,Transportation,0.047284034215463254,90
65,6.0,Transportation,0.04657509821457357,90
66,7.0,Transportation,0.046891682172008974,90
67,8.0,Transportation,0.046122307802841433,90
68,9.0,Transportation,0.04523240584141135,90
69,10.0,Transportation,0.03476973870913255,90
70,1.0,ICT,0.02731298718051499,90
71,2.0,ICT,0.031635069048372176,90
72,3.0,ICT,0.03240364254506035,90
73,4.0,ICT,0.031722216620819345,90
74,5.0,ICT,0.03209827980317239,90
75,6.0,ICT,0.03063299759516836,90
76,7.0,ICT,0.030720869866088678,90
77,8.0,ICT,0.02895895987885921,90
78,9.0,ICT,0.02622953563068907,90
79,10.0,ICT,0.019947670802959696,90
80,1.0,Entertainment,0.0025760174044522502,90
81,2.0,Entertainment,0.0034980066038323857,90
82,3.0,Entertainment,0.004206199434915144,90
83,4.0,Entertainment,0.004177863237439289,90
84,5.0,Entertainment,0.004641670057624142,90
85,6.0,Entertainment,0.004724214906181531,90
86,7.0,Entertainment,0.004790127329225244,90
87,8.0,Entertainment,0.0052094956750315296,90
88,9.0,Entertainment,0.005325700744501153,90
89,10.0,Entertainment,0.005274817537768173,90
90,1.0,Restaurant,0.003998313787439412,90
91,2.0,Restaurant,0.004869174642732484,90
92,3.0,Restaurant,0.005378029004638102,90
93,4.0,Restaurant,0.006036769595734515,90
94,5.0,Restaurant,0.006904030633506855,90
95,6.0,Restaurant,0.007253660679781129,90
96,7.0,Restaurant,0.007700671261154679,90
97,8.0,Restaurant,0.009134355000091203,90
98,9.0,Restaurant,0.008928737363950542,90
99,10.0,Restaurant,0.014069832431034072,90
100,1.0,Others,0.018154665094864957,90
101,2.0,Others,0.01942476241583567,90
102,3.0,Others,0.018957759489567873,90
103,4.0,Others,0.018484903128579235,90
104,5.0,Others,0.01739446286228128,90
105,6.0,Others,0.01734041948861242,90
106,7.0,Others,0.01626916093866146,90
107,8.0,Others,0.015382628778223908,90
108,9.0,Others,0.014137622730132202,90
109,10.0,Others,0.01314158809895058,90
110,1.0,Durables,0.06172612906431863,90
111,2.0,Durables,0.09633401395594533,90
112,3.0,Durables,0.12008707360332731,90
113,4.0,Durables,0.14097385869193882,90
114,5.0,Durables,0.15792930148335624,90
115,6.0,Durables,0.18090005993721267,90
116,7.0,Durables,0.20989947335875592,90
117,8.0,Durables,0.23473399742373663,90
118,9.0,Durables,0.2585584251329171,90
119,10.0,Durables,0.2700753696864,90
120,1.0,Investments,0.005738744850712076,90
121,2.0,Investments,0.013936314977138233,90
122,3.0,Investments,0.0235438317137582,90
123,4.0,Investments,0.03798369947780327,90
124,5.0,Investments,0.04761986923072047,90
125,6.0,Investments,0.052538354812767786,90
126,7.0,Investments,0.05932879120363964,90
127,8.0,Investments,0.06902535938977286,90
128,9.0,Investments,0.08211686907065394,90
129,10.0,Investments,0.1829488992867326,90
0,1.0,Food,0.4660957946797732,91
1,2.0,Food,0.4323643007641392,91
2,3.0,Food,0.39810711619117983,91
3,4.0,Food,0.37372773272127674,91
4,5.0,Food,0.349460629425497,91
5,6.0,Food,0.33344330029078534,91
6,7.0,Food,0.3130900997858646,91
7,8.0,Food,0.2916171545416116,91
8,9.0,Food,0.2630669328426865,91
9,10.0,Food,0.1894003423554932,91
10,1.0,Drink,0.012294685034602877,91
11,2.0,Drink,0.01104301496663719,91
12,3.0,Drink,0.009938297022527383,91
13,4.0,Drink,0.009601952244548656,91
14,5.0,Drink,0.008525798264578,91
15,6.0,Drink,0.0074998047427867484,91
16,7.0,Drink,0.007216929193646492,91
17,8.0,Drink,0.005453490459612407,91
18,9.0,Drink,0.004799412991336054,91
19,10.0,Drink,0.0028014340756792344,91
20,1.0,Cloth,0.02675446627738417,91
21,2.0,Cloth,0.03918838369224037,91
22,3.0,Cloth,0.041802572616937914,91
23,4.0,Cloth,0.046699013655142174,91
24,5.0,Cloth,0.04729741031927772,91
25,6.0,Cloth,0.05019153960335484,91
26,7.0,Cloth,0.052948827939115824,91
27,8.0,Cloth,0.053573421260708756,91
28,9.0,Cloth,0.05702462411491034,91
29,10.0,Cloth,0.047674127197264986,91
30,1.0,Housing,0.2688338132290187,91
31,2.0,Housing,0.24684236663419443,91
32,3.0,Housing,0.24168025022767436,91
33,4.0,Housing,0.23502022061964184,91
34,5.0,Housing,0.2279615723074231,91
35,6.0,Housing,0.22123211700594878,91
36,7.0,Housing,0.21315988433603714,91
37,8.0,Housing,0.2008686028908556,91
38,9.0,Housing,0.18418353296639783,91
39,10.0,Housing,0.17336105835595364,91
40,1.0,Furniture,0.02536334908917245,91
41,2.0,Furniture,0.026090649089551242,91
42,3.0,Furniture,0.024599172517607678,91
43,4.0,Furniture,0.025625051123185128,91
44,5.0,Furniture,0.023170663429635176,91
45,6.0,Furniture,0.02381170607913268,91
46,7.0,Furniture,0.022898886945829325,91
47,8.0,Furniture,0.023256104794322663,91
48,9.0,Furniture,0.02392209337894988,91
49,10.0,Furniture,0.023192395700454477,91
50,1.0,Health,0.03352497024913063,91
51,2.0,Health,0.03396753317209248,91
52,3.0,Health,0.03716507902252906,91
53,4.0,Health,0.03851944361827739,91
54,5.0,Health,0.04109566725087425,91
55,6.0,Health,0.042782330007369765,91
56,7.0,Health,0.043466878293790825,91
57,8.0,Health,0.047665542210648344,91
58,9.0,Health,0.0544942226089946,91
59,10.0,Health,0.05307932829332514,91
60,1.0,Transportation,0.04244978653771401,91
61,2.0,Transportation,0.045189602278116116,91
62,3.0,Transportation,0.04694147409168689,91
63,4.0,Transportation,0.04690217784227741,91
64,5.0,Transportation,0.04697177915510399,91
65,6.0,Transportation,0.04549960217991249,91
66,7.0,Transportation,0.046817239375302785,91
67,8.0,Transportation,0.04286945874558107,91
68,9.0,Transportation,0.04205497015853888,91
69,10.0,Transportation,0.030151104089938294,91
70,1.0,ICT,0.027021963156904426,91
71,2.0,ICT,0.03081440153776915,91
72,3.0,ICT,0.030433768398763338,91
73,4.0,ICT,0.03058378784727201,91
74,5.0,ICT,0.029449647056160655,91
75,6.0,ICT,0.028451937469011365,91
76,7.0,ICT,0.027738808754934053,91
77,8.0,ICT,0.025086772560613237,91
78,9.0,ICT,0.023568380531578222,91
79,10.0,ICT,0.016404662367120442,91
80,1.0,Entertainment,0.003240299277552159,91
81,2.0,Entertainment,0.0041324290458376765,91
82,3.0,Entertainment,0.004244890510845194,91
83,4.0,Entertainment,0.004488749749477477,91
84,5.0,Entertainment,0.0047894148438818104,91
85,6.0,Entertainment,0.00460221538315865,91
86,7.0,Entertainment,0.004934544786688875,91
87,8.0,Entertainment,0.005137032480614056,91
88,9.0,Entertainment,0.005213839492721971,91
89,10.0,Entertainment,0.006666164001081808,91
90,1.0,Restaurant,0.00427302110038614,91
91,2.0,Restaurant,0.005298677622933853,91
92,3.0,Restaurant,0.006303786107007293,91
93,4.0,Restaurant,0.0060780643270506585,91
94,5.0,Restaurant,0.007376832626977011,91
95,6.0,Restaurant,0.008501128425691054,91
96,7.0,Restaurant,0.00880311637306904,91
97,8.0,Restaurant,0.008887174526954408,91
98,9.0,Restaurant,0.010808337313367479,91
99,10.0,Restaurant,0.015344906632217636,91
100,1.0,Others,0.019447457226423645,91
101,2.0,Others,0.021330245372814655,91
102,3.0,Others,0.020544848550162767,91
103,4.0,Others,0.02008624859677201,91
104,5.0,Others,0.01956130279348245,91
105,6.0,Others,0.019373709530824998,91
106,7.0,Others,0.018321558260968564,91
107,8.0,Others,0.01635988642128684,91
108,9.0,Others,0.015822404426907303,91
109,10.0,Others,0.014891686371146615,91
110,1.0,Durables,0.06400897651893331,91
111,2.0,Durables,0.09287890399508661,91
112,3.0,Durables,0.12253580516687315,91
113,4.0,Durables,0.1384804470597511,91
114,5.0,Durables,0.16373731423792565,91
115,6.0,Durables,0.17841406787536698,91
116,7.0,Durables,0.20307650941229785,91
117,8.0,Durables,0.22347068171459342,91
118,9.0,Durables,0.24735823054925332,91
119,10.0,Durables,0.2344649704175695,91
120,1.0,Investments,0.006691417623003922,91
121,2.0,Investments,0.010859491828586717,91
122,3.0,Investments,0.015702939576204788,91
123,4.0,Investments,0.024187110595327025,91
124,5.0,Investments,0.030601968289182806,91
125,6.0,Investments,0.03619654140665596,91
126,7.0,Investments,0.03752671654245426,91
127,8.0,Investments,0.05575467739259725,91
128,9.0,Investments,0.06768301862435715,91
129,10.0,Investments,0.19256782014275461,91
0,1.0,Food,0.47574297312117725,92
1,2.0,Food,0.43793573112456047,92
2,3.0,Food,0.4105167911695034,92
3,4.0,Food,0.388862811101457,92
4,5.0,Food,0.3680227830259137,92
5,6.0,Food,0.3421426650983212,92
6,7.0,Food,0.3202403704389469,92
7,8.0,Food,0.28984298267412,92
8,9.0,Food,0.259918472326879,92
9,10.0,Food,0.18257507581576962,92
10,1.0,Drink,0.012229617439044129,92
11,2.0,Drink,0.011222683711150138,92
12,3.0,Drink,0.010709177203350486,92
13,4.0,Drink,0.010509459622714821,92
14,5.0,Drink,0.00948294361844494,92
15,6.0,Drink,0.007260336369699923,92
16,7.0,Drink,0.006353162480463248,92
17,8.0,Drink,0.005289336510993855,92
18,9.0,Drink,0.004702450304436722,92
19,10.0,Drink,0.0028643601310729344,92
20,1.0,Cloth,0.023473652918008448,92
21,2.0,Cloth,0.03645503304291874,92
22,3.0,Cloth,0.04351199296206648,92
23,4.0,Cloth,0.046605617044482565,92
24,5.0,Cloth,0.05018944395902412,92
25,6.0,Cloth,0.0543789195798406,92
26,7.0,Cloth,0.06062595381860064,92
27,8.0,Cloth,0.060725728549895455,92
28,9.0,Cloth,0.05961120178896072,92
29,10.0,Cloth,0.05235672170863321,92
30,1.0,Housing,0.25601642710423145,92
31,2.0,Housing,0.23709957330370218,92
32,3.0,Housing,0.2293204850920666,92
33,4.0,Housing,0.22047352079520635,92
34,5.0,Housing,0.2133014842130786,92
35,6.0,Housing,0.21234615556942316,92
36,7.0,Housing,0.20292144718645988,92
37,8.0,Housing,0.19532637273980422,92
38,9.0,Housing,0.1851544618340196,92
39,10.0,Housing,0.17176607789978707,92
40,1.0,Furniture,0.02832661504912023,92
41,2.0,Furniture,0.02709197798832936,92
42,3.0,Furniture,0.02661835988649447,92
43,4.0,Furniture,0.02664806855424869,92
44,5.0,Furniture,0.025926121518551573,92
45,6.0,Furniture,0.025023948617461773,92
46,7.0,Furniture,0.02691760143794046,92
47,8.0,Furniture,0.025465121234554987,92
48,9.0,Furniture,0.0238316269713315,92
49,10.0,Furniture,0.024964509516911034,92
50,1.0,Health,0.03586478772655916,92
51,2.0,Health,0.036541365347446716,92
52,3.0,Health,0.03925548488684439,92
53,4.0,Health,0.04021095245971646,92
54,5.0,Health,0.04184234495406099,92
55,6.0,Health,0.04544584771534713,92
56,7.0,Health,0.050074908104443615,92
57,8.0,Health,0.05128900123963248,92
58,9.0,Health,0.05647527376260371,92
59,10.0,Health,0.06094113674033384,92
60,1.0,Transportation,0.039759206069972554,92
61,2.0,Transportation,0.04303576980627338,92
62,3.0,Transportation,0.045062804924113666,92
63,4.0,Transportation,0.04491742219590847,92
64,5.0,Transportation,0.045845932793234415,92
65,6.0,Transportation,0.04589956844672063,92
66,7.0,Transportation,0.04359737393821113,92
67,8.0,Transportation,0.041704124015390635,92
68,9.0,Transportation,0.03832782725965452,92
69,10.0,Transportation,0.029309840066357208,92
70,1.0,ICT,0.025018777015721267,92
71,2.0,ICT,0.027958600100720946,92
72,3.0,ICT,0.02752440004856829,92
73,4.0,ICT,0.027381530040421747,92
74,5.0,ICT,0.026867185369660856,92
75,6.0,ICT,0.02556869310392259,92
76,7.0,ICT,0.024499500217817757,92
77,8.0,ICT,0.02302018973063266,92
78,9.0,ICT,0.020414202162310553,92
79,10.0,ICT,0.014641416892609886,92
80,1.0,Entertainment,0.0032300687723147386,92
81,2.0,Entertainment,0.004497247816145679,92
82,3.0,Entertainment,0.004975391912803461,92
83,4.0,Entertainment,0.005131222169757756,92
84,5.0,Entertainment,0.0056870018728822904,92
85,6.0,Entertainment,0.005585424545945147,92
86,7.0,Entertainment,0.0058542934321451304,92
87,8.0,Entertainment,0.006060892041361021,92
88,9.0,Entertainment,0.0060695446323229115,92
89,10.0,Entertainment,0.005918502932722615,92
90,1.0,Restaurant,0.00375302167947089,92
91,2.0,Restaurant,0.005522842355753167,92
92,3.0,Restaurant,0.005750991421969848,92
93,4.0,Restaurant,0.0063833161679670535,92
94,5.0,Restaurant,0.006921370547630594,92
95,6.0,Restaurant,0.008153883450568314,92
96,7.0,Restaurant,0.007807296448388886,92
97,8.0,Restaurant,0.009186483995015494,92
98,9.0,Restaurant,0.009571903806290754,92
99,10.0,Restaurant,0.012992323932381917,92
100,1.0,Others,0.02360296541412795,92
101,2.0,Others,0.025120883291376607,92
102,3.0,Others,0.024379632002360225,92
103,4.0,Others,0.024311426400082953,92
104,5.0,Others,0.023364870574097932,92
105,6.0,Others,0.022308680210364706,92
106,7.0,Others,0.02190785058227691,92
107,8.0,Others,0.01993931577436578,92
108,9.0,Others,0.018865084986079805,92
109,10.0,Others,0.01518090693661588,92
110,1.0,Durables,0.0665393230210473,92
111,2.0,Durables,0.09587010846557724,92
112,3.0,Durables,0.11696313283733549,92
113,4.0,Durables,0.13767367063957484,92
114,5.0,Durables,0.159370704830378,92
115,6.0,Durables,0.18254366386892418,92
116,7.0,Durables,0.1985919386559101,92
117,8.0,Durables,0.22678514394254068,92
118,9.0,Durables,0.24414898221032105,92
119,10.0,Durables,0.243762246183152,92
120,1.0,Investments,0.006442564669204378,92
121,2.0,Investments,0.01164818364604499,92
122,3.0,Investments,0.015411355652522822,92
123,4.0,Investments,0.020890982808460957,92
124,5.0,Investments,0.023177812723041598,92
125,6.0,Investments,0.023342213423460295,92
126,7.0,Investments,0.03060830325839498,92
127,8.0,Investments,0.04536530755169232,92
128,9.0,Investments,0.07290896795478875,92
129,10.0,Investments,0.18272688124365238,92
0,1.0,Food,0.4624117604469447,93
1,2.0,Food,0.4177258725107666,93
2,3.0,Food,0.3884782699877265,93
3,4.0,Food,0.3617773239431295,93
4,5.0,Food,0.3404457349700916,93
5,6.0,Food,0.3180813742223419,93
6,7.0,Food,0.29932214810211094,93
7,8.0,Food,0.2796141453656587,93
8,9.0,Food,0.240931181548123,93
9,10.0,Food,0.17491451413967857,93
10,1.0,Drink,0.011702148244027658,93
11,2.0,Drink,0.011875770375160011,93
12,3.0,Drink,0.010864391503334323,93
13,4.0,Drink,0.009270132540857493,93
14,5.0,Drink,0.008355438297841487,93
15,6.0,Drink,0.00724443481014099,93
16,7.0,Drink,0.006274238497610173,93
17,8.0,Drink,0.005456006906984785,93
18,9.0,Drink,0.0033832647969711653,93
19,10.0,Drink,0.0026284127870672114,93
20,1.0,Cloth,0.01800468480184248,93
21,2.0,Cloth,0.035456207650222664,93
22,3.0,Cloth,0.041415192605890876,93
23,4.0,Cloth,0.04418687437722184,93
24,5.0,Cloth,0.04603843417026576,93
25,6.0,Cloth,0.05194703346216607,93
26,7.0,Cloth,0.05554916372363809,93
27,8.0,Cloth,0.059779948978639794,93
28,9.0,Cloth,0.05602989693036984,93
29,10.0,Cloth,0.050174619731996085,93
30,1.0,Housing,0.27470256221919004,93
31,2.0,Housing,0.24869430535229373,93
32,3.0,Housing,0.24277056347178505,93
33,4.0,Housing,0.23896507876150916,93
34,5.0,Housing,0.23243328945134836,93
35,6.0,Housing,0.2261376850172387,93
36,7.0,Housing,0.21992850357762947,93
37,8.0,Housing,0.20321048522509533,93
38,9.0,Housing,0.19731217840232598,93
39,10.0,Housing,0.18146533022195196,93
40,1.0,Furniture,0.028480850360985126,93
41,2.0,Furniture,0.027378532942496838,93
42,3.0,Furniture,0.026259868021283786,93
43,4.0,Furniture,0.026290603605061576,93
44,5.0,Furniture,0.025231922642827677,93
45,6.0,Furniture,0.02483313602626827,93
46,7.0,Furniture,0.023917099061029356,93
47,8.0,Furniture,0.025003761205891453,93
48,9.0,Furniture,0.023762833791106226,93
49,10.0,Furniture,0.023975841711953386,93
50,1.0,Health,0.035791883057258445,93
51,2.0,Health,0.039854973390179856,93
52,3.0,Health,0.037977126854316874,93
53,4.0,Health,0.042267911958985584,93
54,5.0,Health,0.045063090453028525,93
55,6.0,Health,0.04790133434570472,93
56,7.0,Health,0.05100969561987895,93
57,8.0,Health,0.05624913124128322,93
58,9.0,Health,0.06206180014519848,93
59,10.0,Health,0.06067010191109292,93
60,1.0,Transportation,0.0423028168988199,93
61,2.0,Transportation,0.045960109131761795,93
62,3.0,Transportation,0.047615885650827576,93
63,4.0,Transportation,0.04859103808863636,93
64,5.0,Transportation,0.05080231014837959,93
65,6.0,Transportation,0.049348489602716074,93
66,7.0,Transportation,0.0495251107776427,93
67,8.0,Transportation,0.04668575966463032,93
68,9.0,Transportation,0.043986663093261144,93
69,10.0,Transportation,0.03420901570046175,93
70,1.0,ICT,0.02580745518421446,93
71,2.0,ICT,0.02657155264605835,93
72,3.0,ICT,0.02640089957755909,93
73,4.0,ICT,0.02580281687167819,93
74,5.0,ICT,0.025152641941751906,93
75,6.0,ICT,0.024596984671787017,93
76,7.0,ICT,0.02338601318207019,93
77,8.0,ICT,0.02229413413627487,93
78,9.0,ICT,0.020135522805156313,93
79,10.0,ICT,0.01449539160379206,93
80,1.0,Entertainment,0.0029056230502938836,93
81,2.0,Entertainment,0.004178458326264696,93
82,3.0,Entertainment,0.004817647187886069,93
83,4.0,Entertainment,0.005076627796335243,93
84,5.0,Entertainment,0.0054906861845839495,93
85,6.0,Entertainment,0.005761317809252578,93
86,7.0,Entertainment,0.005512218210295842,93
87,8.0,Entertainment,0.005577335939164318,93
88,9.0,Entertainment,0.0055982641160619035,93
89,10.0,Entertainment,0.005777330283049156,93
90,1.0,Restaurant,0.003009289308702182,93
91,2.0,Restaurant,0.004911847327141126,93
92,3.0,Restaurant,0.00554568663373173,93
93,4.0,Restaurant,0.00645485888652785,93
94,5.0,Restaurant,0.006574502194908302,93
95,6.0,Restaurant,0.007624660305938163,93
96,7.0,Restaurant,0.007475912041261723,93
97,8.0,Restaurant,0.009227695254639567,93
98,9.0,Restaurant,0.009614993099515686,93
99,10.0,Restaurant,0.01729326354514518,93
100,1.0,Others,0.023703339257034946,93
101,2.0,Others,0.025184671453208147,93
102,3.0,Others,0.025843178019488624,93
103,4.0,Others,0.02494313251052443,93
104,5.0,Others,0.023890540717241473,93
105,6.0,Others,0.023690450674626894,93
106,7.0,Others,0.02210120959091585,93
107,8.0,Others,0.020565876680177425,93
108,9.0,Others,0.017878385579148576,93
109,10.0,Others,0.015305444702364205,93
110,1.0,Durables,0.06305463155045388,93
111,2.0,Durables,0.09789922521199582,93
112,3.0,Durables,0.1260653873415648,93
113,4.0,Durables,0.14804076884055314,93
114,5.0,Durables,0.17127223104975728,93
115,6.0,Durables,0.18918130186434853,93
116,7.0,Durables,0.20912066192775602,93
117,8.0,Durables,0.2347581057819325,93
118,9.0,Durables,0.2711457900454774,93
119,10.0,Durables,0.2719818485042553,93
120,1.0,Investments,0.008122955620231968,93
121,2.0,Investments,0.014308473682450078,93
122,3.0,Investments,0.015945903144604274,93
123,4.0,Investments,0.018332831818979274,93
124,5.0,Investments,0.019249177777973702,93
125,6.0,Investments,0.02365179718746972,93
126,7.0,Investments,0.026878025688160258,93
127,8.0,Investments,0.031577613619627305,93
128,9.0,Investments,0.04815922564728387,93
129,10.0,Investments,0.1471088851571918,93
0,1.0,Food,0.44500806861288816,94
1,2.0,Food,0.4021249280330633,94
2,3.0,Food,0.3729100792369927,94
3,4.0,Food,0.3455194637319569,94
4,5.0,Food,0.3264795951387538,94
5,6.0,Food,0.30497183922934606,94
6,7.0,Food,0.28564968789401646,94
7,8.0,Food,0.2627709944218412,94
8,9.0,Food,0.23331473952190004,94
9,10.0,Food,0.17668036054477537,94
10,1.0,Drink,0.010947785264614733,94
11,2.0,Drink,0.011392441512002454,94
12,3.0,Drink,0.010303524139038064,94
13,4.0,Drink,0.00948371915629992,94
14,5.0,Drink,0.007853813371144635,94
15,6.0,Drink,0.006644916748385213,94
16,7.0,Drink,0.005428272444081686,94
17,8.0,Drink,0.005248720935227285,94
18,9.0,Drink,0.0036778615621692505,94
19,10.0,Drink,0.0021830142236293677,94
20,1.0,Cloth,0.022408326566764347,94
21,2.0,Cloth,0.033998542882305874,94
22,3.0,Cloth,0.03880414987349765,94
23,4.0,Cloth,0.042612965870354236,94
24,5.0,Cloth,0.04398214334817066,94
25,6.0,Cloth,0.04782268031652149,94
26,7.0,Cloth,0.05220598846029548,94
27,8.0,Cloth,0.05450862113243527,94
28,9.0,Cloth,0.05428883148554271,94
29,10.0,Cloth,0.049897434280311556,94
30,1.0,Housing,0.2715861788940627,94
31,2.0,Housing,0.2565937541200262,94
32,3.0,Housing,0.24736480898662339,94
33,4.0,Housing,0.24604486345435986,94
34,5.0,Housing,0.2430368980137863,94
35,6.0,Housing,0.23513259976718276,94
36,7.0,Housing,0.2285473213776454,94
37,8.0,Housing,0.22070082370345165,94
38,9.0,Housing,0.20995375534051888,94
39,10.0,Housing,0.198698017186462,94
40,1.0,Furniture,0.029537355232551812,94
41,2.0,Furniture,0.028577003541571673,94
42,3.0,Furniture,0.02689599736458452,94
43,4.0,Furniture,0.025978278417255758,94
44,5.0,Furniture,0.02457029690994321,94
45,6.0,Furniture,0.023327909689804135,94
46,7.0,Furniture,0.023968282303234723,94
47,8.0,Furniture,0.02273416626856224,94
48,9.0,Furniture,0.02224031021026163,94
49,10.0,Furniture,0.025148667493227386,94
50,1.0,Health,0.03536694356514713,94
51,2.0,Health,0.038925484684856085,94
52,3.0,Health,0.043221354134656796,94
53,4.0,Health,0.04500949470487043,94
54,5.0,Health,0.04538809590801515,94
55,6.0,Health,0.04918930598351888,94
56,7.0,Health,0.055308375070785565,94
57,8.0,Health,0.05943412499603669,94
58,9.0,Health,0.06534584932269055,94
59,10.0,Health,0.06839110443566784,94
60,1.0,Transportation,0.04278164554389138,94
61,2.0,Transportation,0.04628081746704361,94
62,3.0,Transportation,0.0486124380884185,94
63,4.0,Transportation,0.049800581186490264,94
64,5.0,Transportation,0.050717323700268394,94
65,6.0,Transportation,0.05177889715444494,94
66,7.0,Transportation,0.05087656732485379,94
67,8.0,Transportation,0.04926252083055669,94
68,9.0,Transportation,0.04479773271729349,94
69,10.0,Transportation,0.03654471023693809,94
70,1.0,ICT,0.024470750401607632,94
71,2.0,ICT,0.025302709115831733,94
72,3.0,ICT,0.024957904056743932,94
73,4.0,ICT,0.025012371195379208,94
74,5.0,ICT,0.025072149832056176,94
75,6.0,ICT,0.023479667306746332,94
76,7.0,ICT,0.022409560470167164,94
77,8.0,ICT,0.021438416202819714,94
78,9.0,ICT,0.019860094888186006,94
79,10.0,ICT,0.014911595973508192,94
80,1.0,Entertainment,0.003415821872295368,94
81,2.0,Entertainment,0.004756181501371563,94
82,3.0,Entertainment,0.004982168781728799,94
83,4.0,Entertainment,0.004664065603881711,94
84,5.0,Entertainment,0.004861826677538694,94
85,6.0,Entertainment,0.004734766345040977,94
86,7.0,Entertainment,0.005018461094330617,94
87,8.0,Entertainment,0.00486119680810176,94
88,9.0,Entertainment,0.005039534012713734,94
89,10.0,Entertainment,0.005949765066819246,94
90,1.0,Restaurant,0.003180144065478717,94
91,2.0,Restaurant,0.00482663234670196,94
92,3.0,Restaurant,0.005579580275963288,94
93,4.0,Restaurant,0.0061009331708843425,94
94,5.0,Restaurant,0.0065250625797528645,94
95,6.0,Restaurant,0.006624486945018866,94
96,7.0,Restaurant,0.0073305587280614514,94
97,8.0,Restaurant,0.007739528483448892,94
98,9.0,Restaurant,0.009100745351054804,94
99,10.0,Restaurant,0.015886591744513196,94
100,1.0,Others,0.025921479380829306,94
101,2.0,Others,0.02693006347510083,94
102,3.0,Others,0.026014375874625205,94
103,4.0,Others,0.0246869706821208,94
104,5.0,Others,0.023595530233654457,94
105,6.0,Others,0.02308336571590534,94
106,7.0,Others,0.021383265652568203,94
107,8.0,Others,0.02000663178658943,94
108,9.0,Others,0.01827172185937992,94
109,10.0,Others,0.01629788310959349,94
110,1.0,Durables,0.08077808051134368,94
111,2.0,Durables,0.11066202599735515,94
112,3.0,Durables,0.135848506089445,94
113,4.0,Durables,0.1603452562622568,94
114,5.0,Durables,0.18183504256277883,94
115,6.0,Durables,0.20245150905779857,94
116,7.0,Durables,0.21951129210798573,94
117,8.0,Durables,0.24276589895437137,94
118,9.0,Durables,0.27163600227048024,94
119,10.0,Durables,0.28525023782286457,94
120,1.0,Investments,0.004597420088524662,94
121,2.0,Investments,0.009629415322769124,94
122,3.0,Investments,0.014505113097681741,94
123,4.0,Investments,0.014741036563889417,94
124,5.0,Investments,0.016082221724136512,94
125,6.0,Investments,0.020758055740286042,94
126,7.0,Investments,0.02236236707197335,94
127,8.0,Investments,0.028528355476557396,94
128,9.0,Investments,0.04247282145780835,94
129,10.0,Investments,0.1041606178816893,94
0,1.0,Food,0.43785188418041987,95
1,2.0,Food,0.3948927509588052,95
2,3.0,Food,0.3653887566491552,95
3,4.0,Food,0.3393258782758259,95
4,5.0,Food,0.3198164745191409,95
5,6.0,Food,0.2974610167385909,95
6,7.0,Food,0.27982779016780407,95
7,8.0,Food,0.25552154807529914,95
8,9.0,Food,0.2307090366917202,95
9,10.0,Food,0.1688143379623183,95
10,1.0,Drink,0.009818073284497606,95
11,2.0,Drink,0.011721951661803119,95
12,3.0,Drink,0.010727418444585222,95
13,4.0,Drink,0.008586952682425288,95
14,5.0,Drink,0.008323426646572105,95
15,6.0,Drink,0.007534994715654393,95
16,7.0,Drink,0.00526016965615998,95
17,8.0,Drink,0.005301199171575647,95
18,9.0,Drink,0.004351539023306253,95
19,10.0,Drink,0.0022715788575769476,95
20,1.0,Cloth,0.02269231631814123,95
21,2.0,Cloth,0.035068659373258405,95
22,3.0,Cloth,0.038347482926700587,95
23,4.0,Cloth,0.04037205610490137,95
24,5.0,Cloth,0.04446476709088331,95
25,6.0,Cloth,0.04514190989727567,95
26,7.0,Cloth,0.04829429262620362,95
27,8.0,Cloth,0.05075749097915711,95
28,9.0,Cloth,0.05196913982536554,95
29,10.0,Cloth,0.045563254456207125,95
30,1.0,Housing,0.28572342508998655,95
31,2.0,Housing,0.26171537594405286,95
32,3.0,Housing,0.2548109644076717,95
33,4.0,Housing,0.25377249042537336,95
34,5.0,Housing,0.2488572690331947,95
35,6.0,Housing,0.2418827505844578,95
36,7.0,Housing,0.2366354549470924,95
37,8.0,Housing,0.22032788886421345,95
38,9.0,Housing,0.21658478560703187,95
39,10.0,Housing,0.2005238988650659,95
40,1.0,Furniture,0.02824634170270925,95
41,2.0,Furniture,0.026959250518325373,95
42,3.0,Furniture,0.025835411922950288,95
43,4.0,Furniture,0.024406295188051527,95
44,5.0,Furniture,0.02376237579687501,95
45,6.0,Furniture,0.022534472545381264,95
46,7.0,Furniture,0.021597804059076117,95
47,8.0,Furniture,0.022047796779039945,95
48,9.0,Furniture,0.020200447456621584,95
49,10.0,Furniture,0.023293093504584188,95
50,1.0,Health,0.029979423900948616,95
51,2.0,Health,0.036266562419092464,95
52,3.0,Health,0.03920422259598166,95
53,4.0,Health,0.0405563971446373,95
54,5.0,Health,0.04291241296140007,95
55,6.0,Health,0.04731382544808667,95
56,7.0,Health,0.05179900676171018,95
57,8.0,Health,0.053588013952871674,95
58,9.0,Health,0.058632194954486225,95
59,10.0,Health,0.06737043980993428,95
60,1.0,Transportation,0.044151917866077826,95
61,2.0,Transportation,0.048701946176327476,95
62,3.0,Transportation,0.05065339500237177,95
63,4.0,Transportation,0.050799425112820755,95
64,5.0,Transportation,0.05190294186224969,95
65,6.0,Transportation,0.052773284803657346,95
66,7.0,Transportation,0.05281607498704227,95
67,8.0,Transportation,0.050049647932697665,95
68,9.0,Transportation,0.04622642061279855,95
69,10.0,Transportation,0.036688644259911155,95
70,1.0,ICT,0.025034928676971515,95
71,2.0,ICT,0.025368543128462727,95
72,3.0,ICT,0.025563377485184197,95
73,4.0,ICT,0.0253002876521922,95
74,5.0,ICT,0.02481212470373723,95
75,6.0,ICT,0.02369842318152276,95
76,7.0,ICT,0.02304436803334172,95
77,8.0,ICT,0.0213030316551568,95
78,9.0,ICT,0.019163969067387033,95
79,10.0,ICT,0.014790517633295431,95
80,1.0,Entertainment,0.0036189527857762183,95
81,2.0,Entertainment,0.004756567567079504,95
82,3.0,Entertainment,0.004872898523513362,95
83,4.0,Entertainment,0.004880641003949257,95
84,5.0,Entertainment,0.004778569794514271,95
85,6.0,Entertainment,0.0046435198014713654,95
86,7.0,Entertainment,0.0051258516073195495,95
87,8.0,Entertainment,0.00483513664766962,95
88,9.0,Entertainment,0.005210707099663331,95
89,10.0,Entertainment,0.005824852770231556,95
90,1.0,Restaurant,0.0031746481134626516,95
91,2.0,Restaurant,0.004910899561643543,95
92,3.0,Restaurant,0.005942449481377084,95
93,4.0,Restaurant,0.006494368191896056,95
94,5.0,Restaurant,0.006425706982426837,95
95,6.0,Restaurant,0.007289281021279314,95
96,7.0,Restaurant,0.00783033305681648,95
97,8.0,Restaurant,0.008425096504918485,95
98,9.0,Restaurant,0.0098689660783218,95
99,10.0,Restaurant,0.018013330352549203,95
100,1.0,Others,0.02540292418674233,95
101,2.0,Others,0.02644211215210291,95
102,3.0,Others,0.02595877301234696,95
103,4.0,Others,0.024700467212012012,95
104,5.0,Others,0.023135124325708245,95
105,6.0,Others,0.02202763795539426,95
106,7.0,Others,0.020488873423268467,95
107,8.0,Others,0.019797191786839086,95
108,9.0,Others,0.017906085804556295,95
109,10.0,Others,0.015698474132157126,95
110,1.0,Durables,0.07905188217716497,95
111,2.0,Durables,0.1130076506476987,95
112,3.0,Durables,0.13971585582509016,95
113,4.0,Durables,0.16535973434242432,95
114,5.0,Durables,0.18357629527802527,95
115,6.0,Durables,0.20814300576971198,95
116,7.0,Durables,0.22746113074996882,95
117,8.0,Durables,0.25845094548429626,95
118,9.0,Durables,0.2799941634639727,95
119,10.0,Durables,0.297508076051337,95
120,1.0,Investments,0.0052532817171011045,95
121,2.0,Investments,0.01018772989134736,95
122,3.0,Investments,0.012978993723071451,95
123,4.0,Investments,0.015445006663490317,95
124,5.0,Investments,0.01723251100527201,95
125,6.0,Investments,0.01955587753751587,95
126,7.0,Investments,0.019818849924195896,95
127,8.0,Investments,0.029595012166264683,95
128,9.0,Investments,0.03918254431476818,95
129,10.0,Investments,0.1036395013448314,95
0,1.0,Food,0.4306448283041072,96
1,2.0,Food,0.3872696877007278,96
2,3.0,Food,0.3551875215549469,96
3,4.0,Food,0.3333287828312956,96
4,5.0,Food,0.3107848165711314,96
5,6.0,Food,0.2950913604876247,96
6,7.0,Food,0.2738412523040522,96
7,8.0,Food,0.2577731040255835,96
8,9.0,Food,0.2199663679143741,96
9,10.0,Food,0.16852225170021282,96
10,1.0,Drink,0.011246079308311334,96
11,2.0,Drink,0.012619402173637339,96
12,3.0,Drink,0.011792340394063353,96
13,4.0,Drink,0.01064521331705895,96
14,5.0,Drink,0.008175802849156116,96
15,6.0,Drink,0.006651525825724813,96
16,7.0,Drink,0.006241644418352902,96
17,8.0,Drink,0.0042854776143894345,96
18,9.0,Drink,0.003432127223821384,96
19,10.0,Drink,0.0023731306826452274,96
20,1.0,Cloth,0.024688255298118286,96
21,2.0,Cloth,0.03508893639837706,96
22,3.0,Cloth,0.03864832365610068,96
23,4.0,Cloth,0.042662486847729095,96
24,5.0,Cloth,0.044967798890744905,96
25,6.0,Cloth,0.046926479258983814,96
26,7.0,Cloth,0.05104101916964825,96
27,8.0,Cloth,0.04987841330324235,96
28,9.0,Cloth,0.051914758891039386,96
29,10.0,Cloth,0.04406037109961449,96
30,1.0,Housing,0.2826827389835547,96
31,2.0,Housing,0.255621622681281,96
32,3.0,Housing,0.24999052088396093,96
33,4.0,Housing,0.24530060158790132,96
34,5.0,Housing,0.2401609452069392,96
35,6.0,Housing,0.23286268084393086,96
36,7.0,Housing,0.22346541908058687,96
37,8.0,Housing,0.208888708517513,96
38,9.0,Housing,0.19739553182045266,96
39,10.0,Housing,0.1824337424159492,96
40,1.0,Furniture,0.027280670419213955,96
41,2.0,Furniture,0.026059210371369615,96
42,3.0,Furniture,0.0252509556046891,96
43,4.0,Furniture,0.024086857249933227,96
44,5.0,Furniture,0.022087262722496896,96
45,6.0,Furniture,0.021898563702792282,96
46,7.0,Furniture,0.021484045080974873,96
47,8.0,Furniture,0.020506355485507884,96
48,9.0,Furniture,0.019617003430471472,96
49,10.0,Furniture,0.0224721009698837,96
50,1.0,Health,0.033752327576584015,96
51,2.0,Health,0.03981750880015532,96
52,3.0,Health,0.04372098479468193,96
53,4.0,Health,0.04510712428293601,96
54,5.0,Health,0.0500662618395475,96
55,6.0,Health,0.050062171746985754,96
56,7.0,Health,0.051537231063521684,96
57,8.0,Health,0.05815595650711871,96
58,9.0,Health,0.06555203413446384,96
59,10.0,Health,0.06116758655090874,96
60,1.0,Transportation,0.04256108980482808,96
61,2.0,Transportation,0.048430192473894955,96
62,3.0,Transportation,0.04982247860553716,96
63,4.0,Transportation,0.05111908388931169,96
64,5.0,Transportation,0.0510217559081307,96
65,6.0,Transportation,0.0496463790113529,96
66,7.0,Transportation,0.04998153335463216,96
67,8.0,Transportation,0.0475493027311022,96
68,9.0,Transportation,0.042769468112166496,96
69,10.0,Transportation,0.03276922916944679,96
70,1.0,ICT,0.02303134948697623,96
71,2.0,ICT,0.024981036983996376,96
72,3.0,ICT,0.02525204248671798,96
73,4.0,ICT,0.02506772772118094,96
74,5.0,ICT,0.024093984969345943,96
75,6.0,ICT,0.023601743614801975,96
76,7.0,ICT,0.022109434476298043,96
77,8.0,ICT,0.021082509953922246,96
78,9.0,ICT,0.018110505152869785,96
79,10.0,ICT,0.013987551591719393,96
80,1.0,Entertainment,0.004260810121349887,96
81,2.0,Entertainment,0.0044212107253449925,96
82,3.0,Entertainment,0.004808648616995662,96
83,4.0,Entertainment,0.004929015869304747,96
84,5.0,Entertainment,0.005057899030296861,96
85,6.0,Entertainment,0.00550868966236918,96
86,7.0,Entertainment,0.004997514414099929,96
87,8.0,Entertainment,0.005359324557916556,96
88,9.0,Entertainment,0.006560914466448124,96
89,10.0,Entertainment,0.007458061196487922,96
90,1.0,Restaurant,0.003351134349100742,96
91,2.0,Restaurant,0.0052353833072661385,96
92,3.0,Restaurant,0.005981725409190342,96
93,4.0,Restaurant,0.006603404324169708,96
94,5.0,Restaurant,0.007599953727966839,96
95,6.0,Restaurant,0.007072805114502237,96
96,7.0,Restaurant,0.007606326158760509,96
97,8.0,Restaurant,0.00978647744349182,96
98,9.0,Restaurant,0.00959224722111122,96
99,10.0,Restaurant,0.021492924914068935,96
100,1.0,Others,0.025510619229651147,96
101,2.0,Others,0.02619576409849203,96
102,3.0,Others,0.024970370373110715,96
103,4.0,Others,0.024109804493910945,96
104,5.0,Others,0.02336643202880329,96
105,6.0,Others,0.02177660549012522,96
106,7.0,Others,0.020479089485282168,96
107,8.0,Others,0.01880832169304159,96
108,9.0,Others,0.018587104860015777,96
109,10.0,Others,0.017177155545102428,96
110,1.0,Durables,0.08289678312393431,96
111,2.0,Durables,0.12135906833449768,96
112,3.0,Durables,0.1498752488387234,96
113,4.0,Durables,0.17020485702876767,96
114,5.0,Durables,0.19384037648047592,96
115,6.0,Durables,0.21595919796281957,96
116,7.0,Durables,0.24290059216591023,96
117,8.0,Durables,0.26515842501147074,96
118,9.0,Durables,0.3019461865228452,96
119,10.0,Durables,0.31164322886224105,96
120,1.0,Investments,0.008093313994269706,96
121,2.0,Investments,0.01290097595095931,96
122,3.0,Investments,0.014698838781281521,96
123,4.0,Investments,0.01683504055649974,96
124,5.0,Investments,0.018776709774964057,96
125,6.0,Investments,0.02294179727798632,96
126,7.0,Investments,0.02431489882787979,96
127,8.0,Investments,0.03276762315569948,96
128,9.0,Investments,0.04455575024992014,96
129,10.0,Investments,0.11444266530171887,96
0,1.0,Food,0.4348123020431291,97
1,2.0,Food,0.38656210760109677,97
2,3.0,Food,0.3563550961797474,97
3,4.0,Food,0.33546682872545214,97
4,5.0,Food,0.3177758796950061,97
5,6.0,Food,0.30183319893895283,97
6,7.0,Food,0.2849082168608961,97
7,8.0,Food,0.25670203559131616,97
8,9.0,Food,0.2255584489531007,97
9,10.0,Food,0.160531945488622,97
10,1.0,Drink,0.013214065960121625,97
11,2.0,Drink,0.015243817061512387,97
12,3.0,Drink,0.014438068255988364,97
13,4.0,Drink,0.012093228219358994,97
14,5.0,Drink,0.01147619974374526,97
15,6.0,Drink,0.009966097100786326,97
16,7.0,Drink,0.008103611372482047,97
17,8.0,Drink,0.0068513129928474085,97
18,9.0,Drink,0.004894382705500557,97
19,10.0,Drink,0.0031181634441806915,97
20,1.0,Cloth,0.018942694966400386,97
21,2.0,Cloth,0.02899190358726605,97
22,3.0,Cloth,0.03245055569010143,97
23,4.0,Cloth,0.03586759824796681,97
24,5.0,Cloth,0.04003682774097973,97
25,6.0,Cloth,0.0434639252509738,97
26,7.0,Cloth,0.047642356563515995,97
27,8.0,Cloth,0.047157184947889286,97
28,9.0,Cloth,0.046031172403803285,97
29,10.0,Cloth,0.03817616247049828,97
30,1.0,Housing,0.2822035469684164,97
31,2.0,Housing,0.2581828875984759,97
32,3.0,Housing,0.2482555974428082,97
33,4.0,Housing,0.23879353302725087,97
34,5.0,Housing,0.2315214857776734,97
35,6.0,Housing,0.22309894643262568,97
36,7.0,Housing,0.21670038944831765,97
37,8.0,Housing,0.20999839804919446,97
38,9.0,Housing,0.20343354355503585,97
39,10.0,Housing,0.17678824198970577,97
40,1.0,Furniture,0.029333026088376353,97
41,2.0,Furniture,0.02729336700573488,97
42,3.0,Furniture,0.02598874792372819,97
43,4.0,Furniture,0.02460736940679823,97
44,5.0,Furniture,0.022939421362373494,97
45,6.0,Furniture,0.02284980593393489,97
46,7.0,Furniture,0.021643133261390904,97
47,8.0,Furniture,0.022746118655082276,97
48,9.0,Furniture,0.02067685344858778,97
49,10.0,Furniture,0.022974438531082615,97
50,1.0,Health,0.032446234742960114,97
51,2.0,Health,0.0402160575676534,97
52,3.0,Health,0.043477833905798555,97
53,4.0,Health,0.045660431585037936,97
54,5.0,Health,0.04765429170558872,97
55,6.0,Health,0.050816582873625636,97
56,7.0,Health,0.05305392432718585,97
57,8.0,Health,0.05831787119128409,97
58,9.0,Health,0.06389294285870604,97
59,10.0,Health,0.06084332760798779,97
60,1.0,Transportation,0.0419359619529935,97
61,2.0,Transportation,0.04880783994567079,97
62,3.0,Transportation,0.04826292150402918,97
63,4.0,Transportation,0.050296683429546005,97
64,5.0,Transportation,0.04914032260567642,97
65,6.0,Transportation,0.04943419206208012,97
66,7.0,Transportation,0.04688725964997903,97
67,8.0,Transportation,0.04498583990943528,97
68,9.0,Transportation,0.040310935040401896,97
69,10.0,Transportation,0.031841650031581986,97
70,1.0,ICT,0.022649095722806656,97
71,2.0,ICT,0.02427809353627395,97
72,3.0,ICT,0.024021132740357363,97
73,4.0,ICT,0.023450337276848733,97
74,5.0,ICT,0.022405625448616597,97
75,6.0,ICT,0.022185424354544025,97
76,7.0,ICT,0.02038987905247303,97
77,8.0,ICT,0.018927423060143677,97
78,9.0,ICT,0.01704462018116258,97
79,10.0,ICT,0.011852571858038613,97
80,1.0,Entertainment,0.0037165197486833095,97
81,2.0,Entertainment,0.004824863636182283,97
82,3.0,Entertainment,0.0050984423300346905,97
83,4.0,Entertainment,0.005619404419617723,97
84,5.0,Entertainment,0.005117429229053133,97
85,6.0,Entertainment,0.005740061369481413,97
86,7.0,Entertainment,0.005475102264783589,97
87,8.0,Entertainment,0.00547936352134837,97
88,9.0,Entertainment,0.00565956834262794,97
89,10.0,Entertainment,0.006563525310855166,97
90,1.0,Restaurant,0.0037005017561662,97
91,2.0,Restaurant,0.00556513793092782,97
92,3.0,Restaurant,0.005813140834696197,97
93,4.0,Restaurant,0.0073756854849272606,97
94,5.0,Restaurant,0.007527263046961478,97
95,6.0,Restaurant,0.00803675998772651,97
96,7.0,Restaurant,0.008855166206270576,97
97,8.0,Restaurant,0.00930412185607087,97
98,9.0,Restaurant,0.011075221127276469,97
99,10.0,Restaurant,0.018476071720166794,97
100,1.0,Others,0.02853119890461097,97
101,2.0,Others,0.029057314705291278,97
102,3.0,Others,0.02864018595542404,97
103,4.0,Others,0.026409175266029466,97
104,5.0,Others,0.025788951927543092,97
105,6.0,Others,0.023993761621080738,97
106,7.0,Others,0.022677720043778125,97
107,8.0,Others,0.021396662715862203,97
108,9.0,Others,0.018645156431034662,97
109,10.0,Others,0.015433946548296681,97
110,1.0,Durables,0.08200067753155504,97
111,2.0,Durables,0.11911993038196486,97
112,3.0,Durables,0.15071271460145275,97
113,4.0,Durables,0.17619879345329478,97
114,5.0,Durables,0.19820825329313083,97
115,6.0,Durables,0.21493935935055108,97
116,7.0,Durables,0.23233719922881313,97
117,8.0,Durables,0.2621507263366785,97
118,9.0,Durables,0.2839179713637962,97
119,10.0,Durables,0.2707550565213336,97
120,1.0,Investments,0.0065141736137801125,97
121,2.0,Investments,0.011856679441949227,97
122,3.0,Investments,0.016485562635833253,97
123,4.0,Investments,0.0181609314578707,97
124,5.0,Investments,0.020408048423651397,97
125,6.0,Investments,0.023641884723636555,97
126,7.0,Investments,0.03132604172011351,97
127,8.0,Investments,0.03598294117284705,97
128,9.0,Investments,0.05885918358896562,97
129,10.0,Investments,0.1826448984776496,97
0,1.0,Food,0.45222542823747647,98
1,2.0,Food,0.39440632332100384,98
2,3.0,Food,0.3718393762579426,98
3,4.0,Food,0.34776673003962766,98
4,5.0,Food,0.3280366562675123,98
5,6.0,Food,0.3118300884940155,98
6,7.0,Food,0.3000414275407971,98
7,8.0,Food,0.27397740118514247,98
8,9.0,Food,0.24685618354346903,98
9,10.0,Food,0.16648229516678492,98
10,1.0,Drink,0.013044702033548692,98
11,2.0,Drink,0.015536731845103674,98
12,3.0,Drink,0.013613287488335176,98
13,4.0,Drink,0.013426383224962733,98
14,5.0,Drink,0.011090823811978628,98
15,6.0,Drink,0.010162000155492864,98
16,7.0,Drink,0.00848743009209696,98
17,8.0,Drink,0.006761172166175096,98
18,9.0,Drink,0.005129912757060574,98
19,10.0,Drink,0.002746447611873689,98
20,1.0,Cloth,0.017477485251655427,98
21,2.0,Cloth,0.027090920496219084,98
22,3.0,Cloth,0.030689483789598,98
23,4.0,Cloth,0.033645531628227456,98
24,5.0,Cloth,0.038385841275682835,98
25,6.0,Cloth,0.03794673364512449,98
26,7.0,Cloth,0.04186662926354279,98
27,8.0,Cloth,0.04091570771616922,98
28,9.0,Cloth,0.04391463723177396,98
29,10.0,Cloth,0.035828493941661536,98
30,1.0,Housing,0.27277444578240523,98
31,2.0,Housing,0.2588216238324444,98
32,3.0,Housing,0.25103081684908835,98
33,4.0,Housing,0.24512845594217453,98
34,5.0,Housing,0.2391770302497576,98
35,6.0,Housing,0.23307799571133386,98
36,7.0,Housing,0.2262391612359399,98
37,8.0,Housing,0.2278775214139009,98
38,9.0,Housing,0.21239606019476476,98
39,10.0,Housing,0.19728463500510232,98
40,1.0,Furniture,0.0328113290235509,98
41,2.0,Furniture,0.030708645807574896,98
42,3.0,Furniture,0.029224567315371028,98
43,4.0,Furniture,0.027127114409168165,98
44,5.0,Furniture,0.02631433226123951,98
45,6.0,Furniture,0.025720825889018088,98
46,7.0,Furniture,0.023788703410419963,98
47,8.0,Furniture,0.023381217011641288,98
48,9.0,Furniture,0.02144950045844136,98
49,10.0,Furniture,0.019243312844189127,98
50,1.0,Health,0.030551264787524984,98
51,2.0,Health,0.03887059554422246,98
52,3.0,Health,0.03964518772495812,98
53,4.0,Health,0.04346025985559739,98
54,5.0,Health,0.0457272318787815,98
55,6.0,Health,0.04903269876270049,98
56,7.0,Health,0.05013960710453038,98
57,8.0,Health,0.0559565957905906,98
58,9.0,Health,0.05801094999746036,98
59,10.0,Health,0.057835510060761576,98
60,1.0,Transportation,0.04111258828250155,98
61,2.0,Transportation,0.04755450122213041,98
62,3.0,Transportation,0.04781969959642088,98
63,4.0,Transportation,0.04771866818620936,98
64,5.0,Transportation,0.048063401502,98
65,6.0,Transportation,0.04747032516761582,98
66,7.0,Transportation,0.046613497438393464,98
67,8.0,Transportation,0.042321262241889486,98
68,9.0,Transportation,0.038645211431190415,98
69,10.0,Transportation,0.030464045754889812,98
70,1.0,ICT,0.02147634757882058,98
71,2.0,ICT,0.022460828587117846,98
72,3.0,ICT,0.022120241029112572,98
73,4.0,ICT,0.021231132242994485,98
74,5.0,ICT,0.02069272470462946,98
75,6.0,ICT,0.019674301309134813,98
76,7.0,ICT,0.018574199722790098,98
77,8.0,ICT,0.01700580982031845,98
78,9.0,ICT,0.014976304017067048,98
79,10.0,ICT,0.01097793970958398,98
80,1.0,Entertainment,0.003525287249340345,98
81,2.0,Entertainment,0.004381066875698685,98
82,3.0,Entertainment,0.004934964603694118,98
83,4.0,Entertainment,0.004762647262756505,98
84,5.0,Entertainment,0.004783382171651089,98
85,6.0,Entertainment,0.0049590600774951825,98
86,7.0,Entertainment,0.005237863719980993,98
87,8.0,Entertainment,0.005091339149852892,98
88,9.0,Entertainment,0.005203642032479704,98
89,10.0,Entertainment,0.004723679731219267,98
90,1.0,Restaurant,0.0029654579769008878,98
91,2.0,Restaurant,0.0047926661271852,98
92,3.0,Restaurant,0.005244444944588954,98
93,4.0,Restaurant,0.005744013767709057,98
94,5.0,Restaurant,0.006362814069369088,98
95,6.0,Restaurant,0.007628836226567171,98
96,7.0,Restaurant,0.008884777545338464,98
97,8.0,Restaurant,0.009126504488833133,98
98,9.0,Restaurant,0.009975022296556335,98
99,10.0,Restaurant,0.014732252867498134,98
100,1.0,Others,0.03001859782224517,98
101,2.0,Others,0.029905252949391357,98
102,3.0,Others,0.027706224311261383,98
103,4.0,Others,0.027172211905573444,98
104,5.0,Others,0.026106310511298383,98
105,6.0,Others,0.024364769965140982,98
106,7.0,Others,0.02299114171891357,98
107,8.0,Others,0.020831483439268748,98
108,9.0,Others,0.0190046623499166,98
109,10.0,Others,0.01494555744538594,98
110,1.0,Durables,0.0723346068452712,98
111,2.0,Durables,0.11251622251615796,98
112,3.0,Durables,0.143313455903714,98
113,4.0,Durables,0.16932546367669563,98
114,5.0,Durables,0.1903124121821429,98
115,6.0,Durables,0.20964164899631652,98
116,7.0,Durables,0.222455777171288,98
117,8.0,Durables,0.24635232747371288,98
118,9.0,Durables,0.2731949092549836,98
119,10.0,Durables,0.26553944725602036,98
120,1.0,Investments,0.009682459128758307,98
121,2.0,Investments,0.012954620875749863,98
122,3.0,Investments,0.01281825018591449,98
123,4.0,Investments,0.013491387858303205,98
124,5.0,Investments,0.01494703911395633,98
125,6.0,Investments,0.018490715600043853,98
126,7.0,Investments,0.024679784035967885,98
127,8.0,Investments,0.030401658102504423,98
128,9.0,Investments,0.05124300443483589,98
129,10.0,Investments,0.17919638260502888,98
0,1.0,Food,0.4507677058411744,99
1,2.0,Food,0.41403244626240154,99
2,3.0,Food,0.38788986771307243,99
3,4.0,Food,0.36516431316167725,99
4,5.0,Food,0.34956562169578237,99
5,6.0,Food,0.3301975392115284,99
6,7.0,Food,0.30790786962802885,99
7,8.0,Food,0.2821177467207354,99
8,9.0,Food,0.25940067363494396,99
9,10.0,Food,0.18298792756352747,99
10,1.0,Drink,0.010927602355073108,99
11,2.0,Drink,0.01225646470205367,99
12,3.0,Drink,0.01141238674586801,99
13,4.0,Drink,0.009957430375075604,99
14,5.0,Drink,0.009517629137415554,99
15,6.0,Drink,0.008351533653154504,99
16,7.0,Drink,0.006892179174959095,99
17,8.0,Drink,0.005675220402810623,99
18,9.0,Drink,0.003957344342633445,99
19,10.0,Drink,0.0034852474812995214,99
20,1.0,Cloth,0.015908208598970085,99
21,2.0,Cloth,0.02377773832442439,99
22,3.0,Cloth,0.030084301388051283,99
23,4.0,Cloth,0.03230793949311104,99
24,5.0,Cloth,0.03603961680486355,99
25,6.0,Cloth,0.04079277482589766,99
26,7.0,Cloth,0.04438066392874164,99
27,8.0,Cloth,0.045896855708868735,99
28,9.0,Cloth,0.048271181713069856,99
29,10.0,Cloth,0.03947259818917888,99
30,1.0,Housing,0.2897118935324716,99
31,2.0,Housing,0.26487230536897965,99
32,3.0,Housing,0.2604683699889716,99
33,4.0,Housing,0.25507862411050436,99
34,5.0,Housing,0.24388929905600196,99
35,6.0,Housing,0.24272618566588636,99
36,7.0,Housing,0.2367494059701339,99
37,8.0,Housing,0.2436256535914215,99
38,9.0,Housing,0.22773020313391182,99
39,10.0,Housing,0.21545977813252523,99
40,1.0,Furniture,0.03810716195832549,99
41,2.0,Furniture,0.035154753919319215,99
42,3.0,Furniture,0.03272815522049712,99
43,4.0,Furniture,0.0307489489942687,99
44,5.0,Furniture,0.030064428602224788,99
45,6.0,Furniture,0.028429134508893963,99
46,7.0,Furniture,0.027664595077677365,99
47,8.0,Furniture,0.027485498875633407,99
48,9.0,Furniture,0.027157492394312185,99
49,10.0,Furniture,0.02495681785291809,99
50,1.0,Health,0.026331603114001335,99
51,2.0,Health,0.03389648339710572,99
52,3.0,Health,0.0354251547353354,99
53,4.0,Health,0.0385464022966903,99
54,5.0,Health,0.041529963536710755,99
55,6.0,Health,0.043544117959619204,99
56,7.0,Health,0.04817423425771627,99
57,8.0,Health,0.051460978076951255,99
58,9.0,Health,0.05211393257729291,99
59,10.0,Health,0.05777527647227933,99
60,1.0,Transportation,0.03596900613188499,99
61,2.0,Transportation,0.0427662085851207,99
62,3.0,Transportation,0.043600663398739165,99
63,4.0,Transportation,0.04336017725993806,99
64,5.0,Transportation,0.04320563802268461,99
65,6.0,Transportation,0.04215339970613488,99
66,7.0,Transportation,0.042275619500767796,99
67,8.0,Transportation,0.03924676562088655,99
68,9.0,Transportation,0.03633944109897274,99
69,10.0,Transportation,0.025270266405750717,99
70,1.0,ICT,0.02345384214832986,99
71,2.0,ICT,0.024065193879220632,99
72,3.0,ICT,0.023322764608982742,99
73,4.0,ICT,0.022356158741325873,99
74,5.0,ICT,0.02085852758191307,99
75,6.0,ICT,0.01925215126479189,99
76,7.0,ICT,0.01839549186693273,99
77,8.0,ICT,0.017156521584919603,99
78,9.0,ICT,0.014763279511146664,99
79,10.0,ICT,0.01035178622329512,99
80,1.0,Entertainment,0.0022098514582688743,99
81,2.0,Entertainment,0.0029136618115476126,99
82,3.0,Entertainment,0.003435141634570522,99
83,4.0,Entertainment,0.003458631814962536,99
84,5.0,Entertainment,0.0031999939180664856,99
85,6.0,Entertainment,0.0032663107556081426,99
86,7.0,Entertainment,0.0030247233002731605,99
87,8.0,Entertainment,0.0034936641284366685,99
88,9.0,Entertainment,0.0030585532319653084,99
89,10.0,Entertainment,0.003611912974751905,99
90,1.0,Restaurant,0.0016767834881036992,99
91,2.0,Restaurant,0.002344221411167378,99
92,3.0,Restaurant,0.002925155338070966,99
93,4.0,Restaurant,0.0032312346579814804,99
94,5.0,Restaurant,0.0034808939562705828,99
95,6.0,Restaurant,0.0037823245324882155,99
96,7.0,Restaurant,0.0046597437005633634,99
97,8.0,Restaurant,0.004575034939118913,99
98,9.0,Restaurant,0.006501715625130153,99
99,10.0,Restaurant,0.0070189146797304015,99
100,1.0,Others,0.028246704496724562,99
101,2.0,Others,0.02874996707768899,99
102,3.0,Others,0.02751908568426824,99
103,4.0,Others,0.025957301809787146,99
104,5.0,Others,0.025565632849343916,99
105,6.0,Others,0.023690564521987485,99
106,7.0,Others,0.023097667588816886,99
107,8.0,Others,0.022044878488785526,99
108,9.0,Others,0.01866039154978229,99
109,10.0,Others,0.01425424450823633,99
110,1.0,Durables,0.06920107030427497,99
111,2.0,Durables,0.10492634741008972,99
112,3.0,Durables,0.1306002574543483,99
113,4.0,Durables,0.1591196230592446,99
114,5.0,Durables,0.1782707650689591,99
115,6.0,Durables,0.19705738315845456,99
116,7.0,Durables,0.21614238718207363,99
117,8.0,Durables,0.22803252651728498,99
118,9.0,Durables,0.2532067525079212,99
119,10.0,Durables,0.2571069912094629,99
120,1.0,Investments,0.00748856657239665,99
121,2.0,Investments,0.01024420785088043,99
122,3.0,Investments,0.010588696089223783,99
123,4.0,Investments,0.010713214225432685,99
124,5.0,Investments,0.014811989769762965,99
125,6.0,Investments,0.016756580235554396,99
126,7.0,Investments,0.020635418823314926,99
127,8.0,Investments,0.029188655344146452,99
128,9.0,Investments,0.0488390386789171,99
129,10.0,Investments,0.15824823830704374,99
